ha,marcoballetti,jonesn4mo,no,mangia,quaand,no,mangia,in,miamicon,hyman,roth
vas,a,perder,followers,jajajajajajajajajajajajajajajaj
shaquille,twitter,adquiere,tapcommerce,startup,lder,en,publicidad,ntwitter,la,conocida,red,social,de,mi,httptcoxrqjuwqysv
anaaharias,justinbieber,justin,te,llega,a,seguir,y,yo,me,afano,tu,cuenta,eh,ahre,jajaja,okno,best,fandom2014,beliebers
a,dejar,la,marca,por,el,honor,paintballs,paintball,colombia,magdalena,unique,o,dsu,httptcofn6wmulwg4
la,kiss,fm,renta,a,estas,horas,,como,ya,no,hay,mtv,pues
soy,toda,una,princess,good,afternoon,sali,dita,holaaaa,en,el,almirante,city,httptcok3pmounfdc
con,que,an,estn,pasando,the,walking,dead,wow
he,cosechado,1005,de,comidahttptcohnzmmarqyr,android,android,games,game,insight
little,mix,cancel,su,tour,porque,perrie,esta,embarazada,desde,que,est,con,zayn,la,embarazaron,20,veces,ustedes,porque,no,se,callan
pruebas,nacionales,thanks,god
an,no,sigues,el,facebook,de,alonelysunstory,httpstcot9avxukgzu
tengo,que,seguir,viendo,arrow,en,serio,pero,esque,me,cuesta,mucho,xd
empleo,en,granada,contrato,predoctoral,para,realizar,tesis,doctoral,granada,investigacin,the,group,of,tra,httptcofdekrvpeeu
no,me,digis,follow,back,porque,si,no,os,conozco,no,os,voy,a,seguir,ok,ok
f5b84c12a2c04c9,calzado,brasilia,tenemos,nuestra,pagina,normal,y,nuestra,fanpage
mamamelo,en,cruz,zigzag,diagonal,vertical,y,horizontal
no,pare,un,segundo,en,todo,el,dia,todavia,me,falta,resumir,lengua,e,ir,a,ensayar,y,encima,tengo,que,dormir,en,living,humor,cero
me,encantan,rubius,y,mangel,seriously
bendito,corrector
jugando,al,floppy,bird,soy,malisimaaa,jajaja
full,day,en,yate,higuerote,a,puerto,rances,puente24dejulio,date,bomba,musik,comida,agua,hielo,4166311111,httptcoyptmwozamz
antes,de,perder,el,glamour,friends,like,for,like,httptcovontq2kpbc
doming,uic,idio,its,kind,of,a,funny,story,,muy,cliche
unfollow,de,luis,vaya,hombre
40,resumo,mi,infancia,en,shinchan,nintendo,ds,y,los,primeros,aos,del,disney,channel
qu,ser,del,rock,sin,el,and,roll,qu,ser,de,m,si,estoy,sin,vos
he,reunido,24745,monedas,de,oro,a,ver,quien,es,capaz,de,ganarmehttptcobbgwe3xoii,android,android,games,game,insight
me,gust,un,video,de,youtube,httptcoy5nbuacjgn,dragon,ball,z,el,ataque,del,dragon,completo,audio,latino
acabo,de,utilizar,shazam,para,buscar,love,me,again,de,john,newman,httptcoy5aqs8tktw
gente,famosa,de,las,vegas,las,vegas,pic,of,the,day,vegas,httptcou1k1e5szee
no,pit,penal,respect
healxing,no,september,nooo
pero,primero,una,siestita,y,luego,toda,la,tarde,voto,,best,fandom2014,beliebers
sombrero,hat,httptcoagtfsplnm6
kachuga,colaciregui,maana,los,pensare,mucho,mucho,fulfilling,a,dream,httptcou82wynyx6y
ya,looooose,franco,,nme,adoras,y,soy,tu,idola,nah
isabel472235,lmao,pues,ya,sabes,que,yo,si,se,de,musica,,perrona,,,pues,ahi,me,dices,mas,so,we,can,buy,the,tickets
yo,misma,nail,art,httptcoaxmqw1ctbo
nuevos,seguidores,1,unfollowers,0,2333,tu,it,util,httptcoxjipnzttxs
